"label","left_0_x","left_0_y","left_1_x","left_1_y","left_2_x","left_2_y","left_3_x","left_3_y","left_4_x","left_4_y","left_5_x","left_5_y","left_6_x","left_6_y","left_7_x","left_7_y","left_8_x","left_8_y","left_9_x","left_9_y","left_10_x","left_10_y","left_11_x","left_11_y","left_12_x","left_12_y","left_13_x","left_13_y","left_14_x","left_14_y","left_15_x","left_15_y","left_16_x","left_16_y","left_17_x","left_17_y","left_18_x","left_18_y","left_19_x","left_19_y","left_20_x","left_20_y","right_0_x","right_0_y","right_1_x","right_1_y","right_2_x","right_2_y","right_3_x","right_3_y","right_4_x","right_4_y","right_5_x","right_5_y","right_6_x","right_6_y","right_7_x","right_7_y","right_8_x","right_8_y","right_9_x","right_9_y","right_10_x","right_10_y","right_11_x","right_11_y","right_12_x","right_12_y","right_13_x","right_13_y","right_14_x","right_14_y","right_15_x","right_15_y","right_16_x","right_16_y","right_17_x","right_17_y","right_18_x","right_18_y","right_19_x","right_19_y","right_20_x","right_20_y","left_roll","left_pitch","left_yaw","right_roll","right_pitch","right_yaw","capture_mode","hand_presence","left_points_visible","right_points_visible","left_fallback_used","right_fallback_used","curation_action","timestamp_unix_ms"
"pangalan","0.436784","0.724304","0.45434","0.680279","0.475287","0.650089","0.496731","0.630587","0.513476","0.619488","0.490523","0.671436","0.522221","0.674206","0.541215","0.675278","0.556233","0.676761","0.491033","0.698316","0.526187","0.704133","0.547396","0.705252","0.562908","0.705242","0.488513","0.729148","0.516541","0.744617","0.508761","0.746007","0.497979","0.742408","0.484085","0.759209","0.509271","0.769004","0.505297","0.769037","0.497602","0.766231","0.668052","0.800853","0.651089","0.758156","0.627703","0.726905","0.605433","0.717557","0.58892","0.720045","0.620863","0.739529","0.590824","0.73607","0.570969","0.735977","0.554274","0.735789","0.620948","0.771209","0.587124","0.771057","0.56471","0.77085","0.548035","0.769244","0.622135","0.805327","0.58603","0.814861","0.567625","0.818277","0.556254","0.817344","0.624937","0.83994","0.597403","0.850067","0.585325","0.851276","0.577671","0.849088","-64.484581","-0.979236","-20.892878","0","0","0","static","both","21","21","0","0","keep","1.77E+12"
"pangalan","0.441927","0.73459","0.458222","0.692771","0.478991","0.662116","0.498349","0.638941","0.513762","0.62421","0.491369","0.678136","0.522771","0.675026","0.540531","0.675494","0.55503","0.678519","0.489736","0.702236","0.524141","0.697371","0.545821","0.695477","0.562607","0.694247","0.485743","0.732187","0.519268","0.746205","0.512673","0.753336","0.501165","0.754028","0.48087","0.763156","0.510555","0.77657","0.511527","0.779787","0.507319","0.778611","0.665709","0.784715","0.643359","0.740965","0.616561","0.712125","0.592666","0.700034","0.574457","0.698836","0.609612","0.724091","0.579149","0.720708","0.558847","0.721894","0.541963","0.723666","0.610101","0.756026","0.575574","0.761679","0.553559","0.765966","0.536824","0.768115","0.612573","0.791209","0.579272","0.807373","0.565555","0.814257","0.558016","0.816456","0.617404","0.826607","0.591533","0.83955","0.578987","0.844659","0.569928","0.846301","-63.666767","2.406409","-4.541197","0","0","0","static","both","21","21","0","0","keep","1.77E+12"
"pangalan","0.445823","0.738793","0.464725","0.696249","0.48657","0.66727","0.507386","0.646881","0.524704","0.636215","0.497415","0.680878","0.527531","0.677371","0.54586","0.677292","0.56026","0.677437","0.497187","0.704459","0.529883","0.705627","0.54094","0.708084","0.546588","0.704595","0.494994","0.734289","0.526891","0.746067","0.522445","0.755997","0.512532","0.756674","0.491454","0.764278","0.520054","0.773676","0.519425","0.779507","0.513323","0.78056","0.678557","0.788453","0.656745","0.741911","0.631957","0.709033","0.611372","0.691109","0.596633","0.688493","0.620058","0.720703","0.587672","0.716558","0.565986","0.71877","0.54826","0.721241","0.618408","0.754595","0.580577","0.756986","0.555421","0.759165","0.536986","0.76117","0.618836","0.790153","0.582395","0.800744","0.573237","0.797045","0.571671","0.791688","0.621449","0.825611","0.591993","0.833271","0.586671","0.829833","0.587388","0.823866","-61.200962","0.296854","12.597036","0","0","0","static","both","21","21","0","1","keep","1.77E+12"
"pangalan","0.440283","0.735183","0.456543","0.692604","0.475814","0.662259","0.496102","0.640979","0.512808","0.627925","0.490315","0.678075","0.519876","0.678194","0.537457","0.677616","0.551718","0.678099","0.491029","0.703371","0.523916","0.705134","0.543291","0.704308","0.557657","0.702387","0.489164","0.732709","0.518281","0.746061","0.511449","0.749622","0.501318","0.747481","0.485639","0.761843","0.510318","0.771294","0.505038","0.771334","0.496155","0.768159","0.660563","0.793884","0.641956","0.750084","0.617562","0.717051","0.594444","0.705317","0.577643","0.71361","0.609085","0.729561","0.57794","0.729856","0.558709","0.730906","0.542714","0.732176","0.607656","0.761127","0.570721","0.763934","0.549525","0.765376","0.53398","0.76769","0.608669","0.795021","0.573937","0.807119","0.580012","0.803927","0.59136","0.799638","0.611489","0.829229","0.583574","0.837072","0.588282","0.833389","0.597696","0.82808","-76.299805","5.108134","52.766689","0","0","0","static","both","21","21","0","0","keep","1.77E+12"
"pangalan","0.455926","0.736317","0.468786","0.696816","0.485233","0.664722","0.500373","0.639165","0.512638","0.617108","0.500278","0.679494","0.530756","0.681805","0.547795","0.682621","0.562069","0.685092","0.500063","0.704741","0.533894","0.705302","0.554425","0.704339","0.570308","0.703652","0.497588","0.734412","0.526268","0.746508","0.517788","0.749741","0.506486","0.749286","0.494285","0.764144","0.519088","0.77139","0.511713","0.770939","0.501687","0.768939","0.662236","0.794366","0.643702","0.749348","0.622293","0.715048","0.602959","0.695373","0.585624","0.692843","0.608806","0.730242","0.575369","0.730484","0.555822","0.732722","0.539873","0.735555","0.60791","0.761358","0.570117","0.765797","0.548307","0.769317","0.532175","0.77262","0.609196","0.794464","0.573893","0.806139","0.578631","0.804715","0.588643","0.80081","0.612237","0.827218","0.58375","0.835248","0.587557","0.833365","0.596102","0.828531","-70.104134","3.004492","39.210938","0","0","0","static","both","21","21","0","0","keep","1.77E+12"
"pangalan","0.44963","0.675519","0.464569","0.6297","0.4823","0.596519","0.499812","0.570972","0.516582","0.565573","0.504275","0.604093","0.539311","0.601144","0.559538","0.59895","0.575664","0.598985","0.505503","0.631961","0.544027","0.62718","0.567618","0.622335","0.585272","0.617878","0.504033","0.665752","0.535067","0.68061","0.52554","0.686114","0.512611","0.685365","0.500694","0.699981","0.527286","0.710163","0.519139","0.710852","0.507781","0.708536","0.691689","0.716693","0.670969","0.671744","0.643612","0.635333","0.621503","0.608879","0.60689","0.58943","0.629448","0.649013","0.593214","0.645212","0.570577","0.646004","0.552868","0.648357","0.628844","0.680551","0.586833","0.686655","0.561939","0.6928","0.543401","0.698201","0.631836","0.717287","0.593093","0.738373","0.601159","0.7398","0.614344","0.735509","0.637059","0.755088","0.605394","0.770725","0.611299","0.770499","0.622277","0.764319","-69.008224","0.071939","35.34985","0","0","0","static","both","21","21","0","1","keep","1.77E+12"
"pangalan","0.443128","0.775265","0.456905","0.735757","0.475396","0.705886","0.492317","0.683905","0.505468","0.667407","0.483419","0.712407","0.513183","0.710357","0.530456","0.708785","0.54428","0.707366","0.482187","0.736629","0.515387","0.732331","0.534595","0.725743","0.549194","0.71762","0.479826","0.766291","0.51176","0.776324","0.505366","0.782828","0.494628","0.782197","0.477282","0.795945","0.504992","0.80597","0.502966","0.808477","0.495763","0.806535","0.646621","0.818549","0.633089","0.775595","0.613997","0.739332","0.595679","0.723705","0.581245","0.72901","0.60583","0.752553","0.57567","0.750963","0.556452","0.750919","0.541156","0.751227","0.606134","0.784488","0.570289","0.784898","0.548016","0.784459","0.53222","0.78549","0.607321","0.818481","0.571206","0.828449","0.574556","0.823032","0.58531","0.817498","0.60883","0.852844","0.579571","0.859609","0.583406","0.85404","0.593788","0.846968","-65.79911","-5.939575","27.868185","0","0","0","static","both","21","21","0","0","keep","1.77E+12"
"ikaw","0.456281","0.575523","0.479344","0.571678","0.501198","0.566022","0.507943","0.570755","0.494978","0.578308","0.486356","0.492571","0.487181","0.530093","0.490145","0.551559","0.492967","0.557113","0.460526","0.490692","0.46661","0.568594","0.470394","0.586879","0.472565","0.580578","0.437766","0.503923","0.445557","0.5799","0.451521","0.594118","0.456249","0.584974","0.418549","0.522005","0.425648","0.583475","0.433339","0.599552","0.439535","0.593912","","","","","","","","","","","","","","","","","","","","","","","","","","","","","","","","","","","","","","","","","","","-5.349285","-12.462052","-21.169579","0","0","0","static","left_only","21","0","0","0","keep","1.77E+12"
"ikaw","0.443854","0.597405","0.464129","0.594728","0.486699","0.578114","0.490275","0.57867","0.476549","0.588415","0.47496","0.541077","0.473736","0.522581","0.476805","0.528235","0.47817","0.537698","0.453457","0.53926","0.456155","0.555184","0.458161","0.584652","0.458155","0.594989","0.434899","0.547989","0.437016","0.56943","0.440238","0.594363","0.442289","0.598052","0.417389","0.559486","0.416492","0.573644","0.420532","0.592349","0.425126","0.596363","","","","","","","","","","","","","","","","","","","","","","","","","","","","","","","","","","","","","","","","","","","-5.044523","-23.90509","-39.476074","0","0","0","static","left_only","21","0","0","0","keep","1.77E+12"
"ikaw","0.48376","0.657379","0.498625","0.651924","0.513628","0.639192","0.520396","0.640705","0.518598","0.641058","0.50822","0.633545","0.514435","0.628276","0.513822","0.631028","0.510634","0.63893","0.494786","0.629312","0.496995","0.626771","0.497198","0.634669","0.496899","0.643241","0.481497","0.631594","0.482286","0.636004","0.483186","0.644549","0.484406","0.650918","0.468898","0.636932","0.467213","0.641108","0.468702","0.646986","0.471129","0.651416","","","","","","","","","","","","","","","","","","","","","","","","","","","","","","","","","","","","","","","","","","","-17.431875","-28.687443","3.534812","0","0","0","static","left_only","21","0","1","0","keep","1.77E+12"
"ikaw","0.451596","0.639459","0.466446","0.630009","0.480667","0.616117","0.483057","0.616031","0.473829","0.626328","0.467208","0.57901","0.466714","0.577658","0.465676","0.577794","0.464536","0.578792","0.449632","0.584005","0.450844","0.61869","0.45589","0.633259","0.460025","0.630768","0.435245","0.598757","0.436388","0.630466","0.442158","0.641607","0.447216","0.637343","0.422845","0.615252","0.422294","0.638457","0.427614","0.646958","0.43366","0.643966","","","","","","","","","","","","","","","","","","","","","","","","","","","","","","","","","","","","","","","","","","","-18.785789","-13.768207","23.311554","0","0","0","static","left_only","21","0","0","0","keep","1.77E+12"
"ikaw","0.470335","0.607932","0.481554","0.595078","0.490862","0.573608","0.493526","0.557395","0.492394","0.541706","0.485691","0.582934","0.48937","0.589761","0.488343","0.60281","0.486317","0.607316","0.473513","0.58819","0.47316","0.590209","0.474421","0.609931","0.476807","0.618586","0.462842","0.594908","0.461005","0.597095","0.463843","0.615737","0.467325","0.622181","0.453612","0.601096","0.44954","0.60473","0.45137","0.614396","0.454443","0.617399","","","","","","","","","","","","","","","","","","","","","","","","","","","","","","","","","","","","","","","","","","","-13.027694","-34.525421","-40.826286","0","0","0","static","left_only","21","0","0","0","keep","1.77E+12"
"ikaw","0.471804","0.603603","0.487241","0.602357","0.501958","0.602292","0.508441","0.610672","0.500357","0.620117","0.49846","0.571105","0.505663","0.573373","0.50365","0.580036","0.500132","0.590734","0.482295","0.56338","0.485892","0.581674","0.485513","0.590036","0.484676","0.596997","0.466648","0.565025","0.468387","0.584983","0.469812","0.593351","0.471479","0.599066","0.45249","0.572367","0.452035","0.589264","0.454455","0.595824","0.457798","0.59967","","","","","","","","","","","","","","","","","","","","","","","","","","","","","","","","","","","","","","","","","","","1.158013","-4.873707","4.63627","0","0","0","static","left_only","21","0","0","0","keep","1.77E+12"
"ikaw","0.457788","0.568583","0.470475","0.564043","0.482451","0.558498","0.486123","0.557594","0.484462","0.554755","0.477248","0.565301","0.480249","0.576056","0.478075","0.578395","0.474357","0.585936","0.461518","0.559674","0.461259","0.577956","0.461496","0.578765","0.46128","0.583053","0.447777","0.557737","0.446847","0.577735","0.448698","0.580154","0.451068","0.584289","0.436439","0.558781","0.435524","0.575398","0.437698","0.579602","0.440916","0.583515","","","","","","","","","","","","","","","","","","","","","","","","","","","","","","","","","","","","","","","","","","","-2.774574","-12.197366","-7.70428","0","0","0","static","left_only","21","0","0","0","keep","1.77E+12"
"ikaw","0.431789","0.575705","0.447742","0.574014","0.461215","0.575611","0.465209","0.590955","0.460249","0.604487","0.459005","0.532044","0.46296","0.541333","0.465552","0.543227","0.467576","0.547514","0.443064","0.522723","0.446502","0.571365","0.44689","0.582386","0.446969","0.582653","0.42732","0.526693","0.430891","0.577184","0.432994","0.583577","0.435066","0.57933","0.413759","0.537044","0.415878","0.577742","0.417841","0.584031","0.419847","0.580052","","","","","","","","","","","","","","","","","","","","","","","","","","","","","","","","","","","","","","","","","","","1.111384","-4.142859","-17.735321","0","0","0","static","left_only","21","0","0","0","keep","1.77E+12"
"ikaw","0.473618","0.604298","0.485313","0.606462","0.495592","0.604845","0.49565","0.611008","0.488397","0.623165","0.486391","0.575621","0.485049","0.590686","0.485936","0.602821","0.485462","0.600554","0.472786","0.574653","0.470412","0.599997","0.474095","0.611932","0.475356","0.605851","0.461049","0.577884","0.458169","0.601227","0.463175","0.612762","0.465945","0.607497","0.450939","0.582959","0.447934","0.600773","0.451865","0.610319","0.455347","0.608417","","","","","","","","","","","","","","","","","","","","","","","","","","","","","","","","","","","","","","","","","","","8.076385","14.036311","37.983639","0","0","0","static","left_only","21","0","0","0","keep","1.77E+12"
"ikaw","0.447598","0.586552","0.462915","0.585202","0.477097","0.582597","0.485611","0.587457","0.489612","0.594059","0.46933","0.56409","0.472251","0.572781","0.473434","0.589222","0.474139","0.598681","0.452904","0.566066","0.453844","0.583521","0.456334","0.600162","0.458387","0.60677","0.437619","0.571909","0.436641","0.588638","0.439728","0.604941","0.443169","0.610251","0.423952","0.578939","0.420669","0.590908","0.423573","0.601316","0.427971","0.605409","","","","","","","","","","","","","","","","","","","","","","","","","","","","","","","","","","","","","","","","","","","14.884706","66.604744","53.298927","0","0","0","static","left_only","21","0","0","0","keep","1.77E+12"
"ikaw","0.427481","0.521522","0.439358","0.525054","0.450451","0.524185","0.453054","0.526576","0.44908","0.531695","0.445486","0.491143","0.445331","0.48853","0.445351","0.491713","0.445193","0.49076","0.432035","0.487183","0.429614","0.496432","0.430775","0.503999","0.432242","0.5025","0.419593","0.489383","0.416327","0.497894","0.418278","0.506131","0.42091","0.505005","0.407846","0.494059","0.401719","0.496079","0.404221","0.502708","0.408646","0.505294","","","","","","","","","","","","","","","","","","","","","","","","","","","","","","","","","","","","","","","","","","","-47.034073","-128.603058","77.349892","0","0","0","static","left_only","21","0","0","0","keep","1.77E+12"
"ikaw","0.523124","0.577858","0.512462","0.583958","0.495554","0.588656","0.478966","0.598731","0.46393","0.607623","0.474825","0.54771","0.446351","0.554089","0.4299","0.554433","0.416661","0.551339","0.475433","0.551067","0.455082","0.577913","0.461237","0.599032","0.469661","0.604006","0.477906","0.560574","0.461191","0.584811","0.466741","0.602071","0.473897","0.604246","0.480759","0.570709","0.46895","0.59052","0.472027","0.602821","0.478067","0.603797","","","","","","","","","","","","","","","","","","","","","","","","","","","","","","","","","","","","","","","","","","","-1.668207","-8.653904","233.353394","0","0","0","static","left_only","21","0","0","0","keep","1.77E+12"
"ikaw","0.477705","0.601614","0.472011","0.598119","0.45867","0.597315","0.444361","0.604722","0.431953","0.613731","0.437853","0.562716","0.414293","0.569794","0.400274","0.575426","0.390301","0.57521","0.437375","0.568563","0.420407","0.594743","0.427288","0.612795","0.435834","0.614575","0.438407","0.57891","0.424122","0.600678","0.429779","0.613963","0.436606","0.613597","0.440544","0.588113","0.429514","0.602861","0.432178","0.610317","0.437132","0.609327","","","","","","","","","","","","","","","","","","","","","","","","","","","","","","","","","","","","","","","","","","","-7.969543","-10.86113","162.848328","0","0","0","static","left_only","21","0","0","0","keep","1.77E+12"
"ikaw","0.458628","0.623797","0.469522","0.619597","0.479957","0.611425","0.480768","0.611726","0.470919","0.616417","0.470578","0.570915","0.468397","0.569263","0.467391","0.570294","0.466154","0.570853","0.456598","0.574463","0.45625","0.598209","0.459205","0.613953","0.461736","0.611965","0.444717","0.585313","0.443558","0.605789","0.448772","0.620939","0.45346","0.619872","0.434383","0.598425","0.431158","0.611749","0.436466","0.623055","0.442411","0.62352","","","","","","","","","","","","","","","","","","","","","","","","","","","","","","","","","","","","","","","","","","","-10.137145","-31.899887","-8.891507","0","0","0","static","left_only","21","0","0","0","keep","1.77E+12"
"ikaw","0.443286","0.617737","0.456321","0.611386","0.468802","0.594462","0.462918","0.586018","0.449277","0.584789","0.455754","0.566956","0.451396","0.548397","0.446383","0.536894","0.441768","0.524903","0.440207","0.569662","0.438364","0.579865","0.442507","0.607221","0.44684","0.620728","0.42752","0.577912","0.425025","0.587631","0.431257","0.612749","0.437588","0.624626","0.416462","0.58861","0.412266","0.593128","0.418212","0.610675","0.425035","0.619505","","","","","","","","","","","","","","","","","","","","","","","","","","","","","","","","","","","","","","","","","","","-13.968581","-22.093327","-31.830351","0","0","0","static","left_only","21","0","0","0","keep","1.77E+12"
"ikaw","0.455036","0.605997","0.471054","0.599298","0.480082","0.595427","0.477415","0.602048","0.469962","0.608079","0.472518","0.5781","0.47221","0.596857","0.468517","0.601064","0.463549","0.603519","0.457759","0.578119","0.453627","0.615908","0.455489","0.621335","0.456782","0.620438","0.444683","0.584031","0.442415","0.619622","0.446257","0.622345","0.45006","0.617927","0.434238","0.592202","0.43397","0.618889","0.438115","0.622747","0.442454","0.620677","","","","","","","","","","","","","","","","","","","","","","","","","","","","","","","","","","","","","","","","","","","19.746687","-19.512798","91.196419","0","0","0","static","left_only","21","0","0","0","keep","1.77E+12"
"ikaw","0.492789","0.653233","0.521885","0.647989","0.546576","0.639329","0.559127","0.646973","0.562236","0.662599","0.544248","0.592093","0.559041","0.583775","0.571713","0.579019","0.582191","0.571112","0.530146","0.584212","0.545907","0.628479","0.540119","0.663194","0.533654","0.670025","0.515029","0.59463","0.528317","0.64582","0.525075","0.672375","0.518912","0.670578","0.500893","0.611065","0.511749","0.656875","0.5114","0.674533","0.506993","0.669589","","","","","","","","","","","","","","","","","","","","","","","","","","","","","","","","","","","","","","","","","","","-12.128987","-24.641403","-76.550552","0","0","0","static","left_only","21","0","0","0","keep","1.77E+12"
"ikaw","0.535258","0.708999","0.552814","0.694376","0.571625","0.680181","0.584818","0.674063","0.592695","0.663287","0.565904","0.66184","0.575874","0.658927","0.579019","0.665805","0.578919","0.660202","0.556622","0.669893","0.564329","0.687389","0.559209","0.721084","0.554174","0.732154","0.547768","0.686816","0.552872","0.709462","0.549081","0.735688","0.543109","0.737964","0.540908","0.704748","0.546391","0.729389","0.545197","0.744738","0.54124","0.741067","","","","","","","","","","","","","","","","","","","","","","","","","","","","","","","","","","","","","","","","","","","-21.342518","-39.230042","5.745789","0","0","0","static","left_only","21","0","1","0","keep","1.77E+12"
"ikaw","0.454413","0.660165","0.472266","0.647757","0.489583","0.625118","0.495167","0.621463","0.490239","0.621464","0.477152","0.599898","0.479953","0.566599","0.480836","0.558211","0.48004","0.547352","0.45835","0.604306","0.463653","0.598248","0.468266","0.639705","0.46944","0.661828","0.443012","0.618574","0.446247","0.626374","0.453547","0.660263","0.456744","0.673883","0.42962","0.635395","0.429231","0.646576","0.43545","0.664977","0.439585","0.66898","","","","","","","","","","","","","","","","","","","","","","","","","","","","","","","","","","","","","","","","","","","-31.086056","-37.451569","6.133533","0","0","0","static","left_only","21","0","0","0","keep","1.77E+12"
"ikaw","0.470954","0.691981","0.492645","0.674553","0.510167","0.643558","0.505746","0.631738","0.487218","0.638947","0.492196","0.595477","0.49174","0.546411","0.490224","0.526366","0.487892","0.508027","0.472554","0.603194","0.474261","0.59654","0.479123","0.631117","0.481991","0.642812","0.457592","0.619323","0.459766","0.629854","0.467129","0.653584","0.471066","0.656038","0.44546","0.638156","0.448099","0.653451","0.454967","0.667424","0.458915","0.666437","","","","","","","","","","","","","","","","","","","","","","","","","","","","","","","","","","","","","","","","","","","-41.163807","-21.997849","19.043751","0","0","0","static","left_only","21","0","0","0","keep","1.77E+12"
"ikaw","0.462276","0.670425","0.492648","0.638818","0.50893","0.600517","0.512136","0.587363","0.503845","0.601719","0.48516","0.536558","0.487454","0.491995","0.486785","0.460903","0.485144","0.432962","0.464905","0.541169","0.488701","0.554409","0.497374","0.59342","0.496796","0.613391","0.45011","0.56294","0.478241","0.599139","0.485832","0.628298","0.482537","0.635552","0.440172","0.592209","0.4658","0.632494","0.471875","0.648841","0.467747","0.644976","","","","","","","","","","","","","","","","","","","","","","","","","","","","","","","","","","","","","","","","","","","-54.727528","-32.461048","27.388079","0","0","0","static","left_only","21","0","0","0","keep","1.77E+12"
"ikaw","0.445788","0.677231","0.479041","0.648103","0.497861","0.623291","0.506353","0.613713","0.499734","0.618298","0.476802","0.555026","0.485872","0.524759","0.491642","0.501521","0.494878","0.481498","0.459451","0.556768","0.48663","0.591057","0.489557","0.623282","0.485524","0.632994","0.446741","0.57538","0.475682","0.621636","0.478411","0.641334","0.473422","0.641068","0.439009","0.601385","0.463329","0.639442","0.467439","0.652159","0.463647","0.648752","","","","","","","","","","","","","","","","","","","","","","","","","","","","","","","","","","","","","","","","","","","-54.964108","-51.494175","-26.324701","0","0","0","static","left_only","21","0","0","0","keep","1.77E+12"
"ikaw","0.432952","0.660356","0.452637","0.637705","0.465899","0.612895","0.472365","0.597003","0.467534","0.605599","0.446283","0.561581","0.45289","0.533638","0.457249","0.51145","0.460593","0.491557","0.431988","0.565315","0.455081","0.579849","0.459642","0.609194","0.456914","0.62168","0.42244","0.581922","0.447612","0.604371","0.452146","0.625813","0.44974","0.632191","0.416962","0.603992","0.438498","0.62142","0.444214","0.635738","0.443316","0.64018","","","","","","","","","","","","","","","","","","","","","","","","","","","","","","","","","","","","","","","","","","","-55.554867","-41.115162","-10.817141","0","0","0","static","left_only","21","0","0","0","keep","1.77E+12"
"ikaw","0.420143","0.674794","0.438916","0.651414","0.4525","0.624197","0.455745","0.620552","0.451936","0.634755","0.436644","0.584872","0.441871","0.573986","0.445677","0.565656","0.450411","0.557493","0.420822","0.587001","0.437814","0.608924","0.442211","0.634556","0.441998","0.644963","0.40964","0.602958","0.429629","0.637844","0.434295","0.654222","0.433414","0.654067","0.402548","0.624846","0.420343","0.655975","0.42527","0.667","0.4241","0.66306","","","","","","","","","","","","","","","","","","","","","","","","","","","","","","","","","","","","","","","","","","","-49.706097","-36.25708","6.104905","0","0","0","static","left_only","21","0","0","0","keep","1.77E+12"
"ulit","0.413033","0.658792","0.44234","0.655481","0.46426","0.639164","0.478881","0.625737","0.489332","0.61399","0.4642","0.586868","0.482038","0.594098","0.493549","0.604209","0.501633","0.612658","0.457615","0.583105","0.47846","0.593234","0.490535","0.604724","0.499418","0.616054","0.449748","0.586814","0.470769","0.597351","0.482993","0.608839","0.492247","0.620096","0.440604","0.59762","0.458006","0.604235","0.46891","0.61049","0.478148","0.616675","","","","","","","","","","","","","","","","","","","","","","","","","","","","","","","","","","","","","","","","","","","-30.772335","118.227928","22.40514","0","0","0","static","left_only","21","0","0","0","keep","1.77E+12"
"pasensya","0.502079","0.822022","0.500369","0.761372","0.50701","0.714736","0.517804","0.683705","0.530935","0.674526","0.537109","0.696015","0.545037","0.683077","0.542796","0.686923","0.539177","0.689479","0.549129","0.710775","0.559045","0.697587","0.556697","0.700335","0.551923","0.705554","0.557964","0.732008","0.567018","0.719369","0.563598","0.72119","0.558155","0.724783","0.563186","0.757757","0.571718","0.743246","0.568274","0.745159","0.563639","0.748576","","","","","","","","","","","","","","","","","","","","","","","","","","","","","","","","","","","","","","","","","","","-93.942123","-17.351665","85.507393","0","0","0","static","left_only","21","0","1","0","keep","1.77E+12"
"mahal kita","0.427174","0.673465","0.460872","0.663933","0.493235","0.622566","0.516785","0.592977","0.536756","0.578052","0.473513","0.528918","0.483156","0.466788","0.488947","0.429128","0.493887","0.395507","0.447794","0.521524","0.449898","0.49938","0.447694","0.567417","0.447425","0.613392","0.422042","0.526665","0.420522","0.509113","0.426305","0.571555","0.432516","0.614829","0.398671","0.540324","0.392037","0.483787","0.38574","0.448267","0.381608","0.410161","","","","","","","","","","","","","","","","","","","","","","","","","","","","","","","","","","","","","","","","","","","12.329089","-72.721222","0.213576","0","0","0","static","left_only","21","0","0","0","keep","1.77E+12"
"mahal kita","0.422496","0.630029","0.447689","0.62219","0.471168","0.59733","0.489588","0.578884","0.506502","0.573345","0.458418","0.536411","0.467503","0.493242","0.472565","0.466173","0.477614","0.442074","0.443061","0.531044","0.44634","0.507866","0.443017","0.544562","0.440509","0.573491","0.427657","0.531374","0.428041","0.510325","0.429221","0.545113","0.431149","0.570832","0.413053","0.535422","0.41048","0.500193","0.409673","0.478533","0.410113","0.454238","","","","","","","","","","","","","","","","","","","","","","","","","","","","","","","","","","","","","","","","","","","90.290321","-77.338913","-43.024937","0","0","0","static","left_only","21","0","0","0","keep","1.77E+12"
"mahal kita","0.442027","0.62547","0.467347","0.616647","0.491428","0.591344","0.510326","0.573645","0.525841","0.57047","0.477193","0.532128","0.489767","0.491009","0.496344","0.467082","0.502735","0.444748","0.462573","0.526715","0.470029","0.503365","0.468526","0.53778","0.466256","0.564819","0.447454","0.52599","0.451596","0.50204","0.454688","0.535887","0.456618","0.561667","0.432433","0.528856","0.428338","0.49216","0.427979","0.469952","0.428757","0.445975","","","","","","","","","","","","","","","","","","","","","","","","","","","","","","","","","","","","","","","","","","","130.502167","-75.041702","-80.105354","0","0","0","static","left_only","21","0","0","0","keep","1.77E+12"
"pasensya","0.526107","0.81175","0.521962","0.748298","0.526526","0.703326","0.535829","0.675505","0.547065","0.666973","0.561774","0.679226","0.572388","0.671025","0.567018","0.684281","0.559808","0.695032","0.575912","0.69823","0.583546","0.693325","0.576863","0.704344","0.567994","0.716278","0.585288","0.725073","0.590392","0.718703","0.583981","0.72781","0.574966","0.737998","0.590864","0.755181","0.594495","0.746864","0.587667","0.752941","0.579481","0.759912","","","","","","","","","","","","","","","","","","","","","","","","","","","","","","","","","","","","","","","","","","","-96.085579","-34.079807","-68.624405","0","0","0","static","left_only","21","0","1","0","keep","1.77E+12"
"ulit","0.416121","0.634526","0.436216","0.61417","0.449372","0.581876","0.455787","0.55499","0.460092","0.531136","0.437893","0.544933","0.443173","0.516896","0.449322","0.503124","0.455526","0.493796","0.428281","0.541623","0.433624","0.511357","0.440073","0.497919","0.447828","0.489692","0.417918","0.543473","0.422659","0.513539","0.42901","0.499796","0.436971","0.492501","0.406268","0.549992","0.409773","0.523733","0.414763","0.508237","0.421462","0.497719","0.631595","0.807913","0.635974","0.825025","0.635641","0.843693","0.637065","0.858168","0.64272","0.875837","0.600856","0.856486","0.578671","0.87697","0.565743","0.886679","0.556415","0.893332","0.590015","0.840865","0.562318","0.860109","0.548409","0.870548","0.53965","0.880155","0.5835","0.826396","0.556833","0.845732","0.543581","0.857433","0.535456","0.867292","0.579577","0.814786","0.558338","0.828423","0.546931","0.83857","0.539895","0.846951","-73.158554","-68.855164","3.620743","-769.75","470.687988","-459.197998","static","both","21","21","0","0","keep","1.77E+12"
"ulit","0.493666","0.653394","0.515045","0.651802","0.535712","0.664947","0.548262","0.68273","0.556528","0.699747","0.544901","0.657685","0.559629","0.689146","0.570173","0.713746","0.576271","0.733262","0.542696","0.666069","0.559004","0.698597","0.569017","0.723825","0.57609","0.744441","0.538495","0.677884","0.555049","0.708853","0.564509","0.732594","0.571067","0.75111","0.531967","0.69318","0.545773","0.716335","0.553794","0.733211","0.559588","0.747003","0.613011","0.80416","0.587151","0.806656","0.565654","0.811553","0.549215","0.823259","0.536896","0.837839","0.564068","0.797644","0.539572","0.822943","0.528378","0.842162","0.519825","0.859047","0.568331","0.80517","0.542004","0.836004","0.52954","0.858778","0.521339","0.878835","0.574794","0.819358","0.549687","0.843322","0.535877","0.86239","0.525199","0.879465","0.581081","0.83761","0.561681","0.850062","0.550099","0.859335","0.539616","0.869248","-17.089436","-7.25223","10.324356","-790.187012","484.346985","-459.549011","static","both","21","21","1","0","keep","1.77E+12"
"ulit","0.485742","0.689218","0.508554","0.681116","0.530827","0.686449","0.546769","0.70218","0.555166","0.719497","0.543328","0.672413","0.560208","0.714926","0.567121","0.742954","0.570456","0.762431","0.540002","0.681744","0.559526","0.726389","0.567352","0.755443","0.572151","0.777359","0.53402","0.696123","0.554134","0.73727","0.562597","0.7645","0.568591","0.784252","0.525566","0.715177","0.54266","0.744243","0.551512","0.762867","0.558671","0.77755","","","","","","","","","","","","","","","","","","","","","","","","","","","","","","","","","","","","","","","","","","","-14.00053","-16.436295","9.52169","-836.702026","504.115997","-461.669006","static","left_only","21","0","1","0","keep","1.77E+12"
"tara","0.41833","0.557812","0.404591","0.512659","0.398926","0.470225","0.399123","0.434147","0.401288","0.406671","0.404668","0.440692","0.420299","0.398104","0.430931","0.379798","0.439031","0.367689","0.416889","0.44184","0.433202","0.396931","0.443951","0.378051","0.451677","0.365377","0.429863","0.449545","0.444751","0.407668","0.453918","0.387939","0.459914","0.37301","0.443766","0.462348","0.454147","0.427429","0.460134","0.409817","0.46426","0.395075","","","","","","","","","","","","","","","","","","","","","","","","","","","","","","","","","","","","","","","","","","","-124.299561","-62.078789","2.798582","57.620998","67.094002","-500.006989","static","left_only","21","0","0","0","keep","1.77E+12"
"kain","0.485998","0.634972","0.487258","0.596799","0.496707","0.563101","0.507649","0.544604","0.516783","0.537879","0.50983","0.530917","0.524361","0.507081","0.531658","0.498642","0.53737","0.492395","0.517463","0.531272","0.533113","0.502708","0.541269","0.492073","0.547941","0.484114","0.522271","0.538702","0.537352","0.51209","0.544836","0.501387","0.55016","0.493096","0.524891","0.552447","0.536933","0.528508","0.542593","0.519302","0.546362","0.512679","","","","","","","","","","","","","","","","","","","","","","","","","","","","","","","","","","","","","","","","","","","-105.543152","-66.030426","0.500652","-263.294983","130.507996","-610.598022","static","left_only","21","0","0","0","keep","1.77E+12"
"kain","0.547447","0.715002","0.528775","0.675474","0.526039","0.637878","0.53293","0.610149","0.543387","0.597372","0.535461","0.611239","0.545328","0.576326","0.552246","0.562192","0.557487","0.55376","0.55101","0.613984","0.561568","0.576469","0.568026","0.560884","0.573096","0.548777","0.564817","0.624225","0.573709","0.589644","0.578529","0.571427","0.581973","0.558174","0.576342","0.641009","0.580987","0.61169","0.581957","0.599054","0.581796","0.590637","","","","","","","","","","","","","","","","","","","","","","","","","","","","","","","","","","","","","","","","","","","-128.738525","-63.583595","-187.751907","0","0","0","static","left_only","21","0","0","0","keep","1.77E+12"
"kain","0.658298","0.694958","0.636025","0.652698","0.623813","0.608284","0.614225","0.574939","0.606655","0.552408","0.653358","0.57357","0.631103","0.540476","0.618044","0.535035","0.609477","0.530793","0.664169","0.574979","0.638922","0.547459","0.625416","0.549955","0.616235","0.554851","0.669611","0.581924","0.645316","0.559872","0.633066","0.56232","0.624568","0.569439","0.671477","0.590026","0.652114","0.574013","0.641344","0.57485","0.633152","0.581346","0.687797","0.815962","0.690965","0.807648","0.698454","0.791683","0.705815","0.781209","0.71311","0.780184","0.717613","0.765049","0.724103","0.763954","0.727515","0.772386","0.729874","0.78073","0.720546","0.764351","0.726367","0.76679","0.729371","0.781401","0.732112","0.796582","0.720277","0.770016","0.724951","0.77211","0.727694","0.78511","0.730239","0.799031","0.717787","0.779027","0.720819","0.779139","0.722427","0.785876","0.724122","0.794828","-139.086334","-67.549622","-206.548843","0","0","0","static","both","21","21","0","1","keep","1.77E+12"
"kain","0.486252","0.614509","0.504426","0.575294","0.512669","0.540119","0.522282","0.514879","0.529664","0.498397","0.478966","0.497023","0.509222","0.473217","0.528248","0.469308","0.542001","0.469454","0.479708","0.499372","0.514687","0.4751","0.533323","0.472643","0.546718","0.471114","0.485777","0.507911","0.519475","0.483573","0.537308","0.478919","0.549793","0.476867","0.495778","0.520247","0.52152","0.503102","0.533932","0.498746","0.542445","0.496067","","","","","","","","","","","","","","","","","","","","","","","","","","","","","","","","","","","","","","","","","","","-116.765251","-71.171219","-191.756226","0","0","0","static","left_only","21","0","0","0","keep","1.77E+12"
"magandang","0.493631","0.590549","0.481946","0.55949","0.48026","0.530937","0.484233","0.506378","0.487468","0.486553","0.503879","0.498695","0.515225","0.4673","0.52182","0.450776","0.527504","0.438814","0.51525","0.503512","0.525971","0.467709","0.532029","0.448737","0.537573","0.435887","0.523909","0.513667","0.533529","0.480814","0.538296","0.462914","0.541887","0.450274","0.530309","0.52814","0.537532","0.503725","0.540784","0.489165","0.542954","0.477677","0.612749","0.723605","0.621938","0.687974","0.628628","0.661197","0.629775","0.641763","0.626061","0.629122","0.61725","0.685629","0.596596","0.679764","0.580352","0.674789","0.566924","0.668919","0.60984","0.71212","0.589457","0.703177","0.57347","0.694087","0.559453","0.683437","0.602298","0.736167","0.585014","0.732019","0.568397","0.724458","0.554304","0.71507","0.595735","0.757735","0.581608","0.758322","0.569612","0.753827","0.558599","0.746811","-82.983658","-56.193367","-195.457535","59.41975","42.13369","-212.882874","static","both","21","21","0","0","keep","1.77E+12"
"araw","0.671583","0.502314","0.664342","0.459639","0.65979","0.41681","0.653158","0.38907","0.644739","0.373899","0.675063","0.394439","0.655231","0.376144","0.642405","0.373892","0.634093","0.371749","0.672771","0.397478","0.651855","0.382416","0.639569","0.382895","0.631191","0.383864","0.666538","0.406803","0.647741","0.386357","0.634126","0.380249","0.624129","0.375603","0.657282","0.418413","0.643738","0.398812","0.635039","0.39093","0.628195","0.383119","","","","","","","","","","","","","","","","","","","","","","","","","","","","","","","","","","","","","","","","","","","-76.446175","-65.371071","45.576344","-118.626251","-27.45631","-305.494873","static","left_only","21","0","0","0","keep","1.77E+12"
"tanghali","0.440919","0.400523","0.460045","0.390154","0.470264","0.36489","0.475943","0.34621","0.480572","0.335293","0.459503","0.316957","0.464677","0.28349","0.46747","0.262557","0.469631","0.245193","0.452659","0.307427","0.456551","0.26704","0.459216","0.242513","0.461848","0.222757","0.444951","0.303207","0.446762","0.263269","0.448146","0.239127","0.44949","0.21742","0.436397","0.305022","0.435725","0.271091","0.435695","0.25079","0.436109","0.231877","","","","","","","","","","","","","","","","","","","","","","","","","","","","","","","","","","","","","","","","","","","126.058746","-86.27726","-203.326263","-130.25824","51.157688","-346.681885","static","left_only","21","0","0","0","keep","1.77E+12"
"tanghali","0.441281","0.393017","0.455114","0.377828","0.459368","0.353534","0.460247","0.337717","0.460963","0.326812","0.45193","0.307364","0.454297","0.273616","0.45532","0.254042","0.455589","0.237508","0.44778","0.30047","0.450579","0.259226","0.45221","0.23524","0.453626","0.216726","0.441655","0.29742","0.444105","0.257054","0.44586","0.233801","0.447022","0.214597","0.433482","0.298352","0.43365","0.265506","0.433871","0.245486","0.434135","0.228109","","","","","","","","","","","","","","","","","","","","","","","","","","","","","","","","","","","","","","","","","","","115.369186","-84.16861","-203.714798","-153.779251","55.365688","-334.31189","static","left_only","21","0","0","0","keep","1.77E+12"
"tanghali","0.448164","0.415429","0.459249","0.404697","0.463857","0.381974","0.465264","0.365441","0.46513","0.351525","0.460443","0.337864","0.463536","0.302937","0.464305","0.280748","0.4641","0.262248","0.458049","0.329219","0.461199","0.288469","0.461541","0.263598","0.461384","0.243128","0.45352","0.324062","0.456938","0.28397","0.457466","0.259598","0.456642","0.23929","0.447267","0.32211","0.449817","0.289403","0.450408","0.269067","0.450127","0.251619","","","","","","","","","","","","","","","","","","","","","","","","","","","","","","","","","","","","","","","","","","","135.745209","-89.79451","-25.988373","392.432159","-55.810158","496.552612","static","left_only","21","0","0","0","keep","1.77E+12"
"tanghali","0.573222","0.386273","0.548206","0.376288","0.531531","0.349801","0.520449","0.322216","0.509489","0.302735","0.546787","0.297023","0.537558","0.257867","0.532493","0.235401","0.528896","0.215747","0.561394","0.287085","0.555903","0.242899","0.551902","0.214649","0.548973","0.192382","0.575431","0.287349","0.574441","0.247129","0.573345","0.222224","0.571843","0.201113","0.588874","0.294873","0.590846","0.263012","0.590716","0.242899","0.59001","0.224357","","","","","","","","","","","","","","","","","","","","","","","","","","","","","","","","","","","","","","","","","","","-163.334396","-84.253433","-33.543533","358.444153","-49.565155","407.291595","static","left_only","21","0","0","0","keep","1.77E+12"
"tanghali","0.421274","0.413064","0.441369","0.395212","0.455694","0.367593","0.465471","0.343114","0.474985","0.327727","0.440433","0.328054","0.447044","0.290172","0.450664","0.26651","0.453343","0.246049","0.427909","0.322403","0.431325","0.279666","0.433068","0.251823","0.43399","0.228181","0.415751","0.323691","0.415904","0.283421","0.416422","0.257506","0.416691","0.235775","0.404111","0.330127","0.402772","0.297973","0.402589","0.278246","0.402654","0.26115","","","","","","","","","","","","","","","","","","","","","","","","","","","","","","","","","","","","","","","","","","","-124.453491","-85.269913","332.980774","351.675171","45.023842","560.202576","static","left_only","21","0","0","0","keep","1.77E+12"
"tanghali","0.422878","0.394181","0.443437","0.377699","0.458073","0.351609","0.468461","0.327763","0.477822","0.312211","0.442842","0.309639","0.449284","0.271964","0.452935","0.24834","0.455638","0.227975","0.43006","0.303376","0.433347","0.261781","0.435338","0.234374","0.436319","0.211442","0.417458","0.304457","0.416467","0.26473","0.415885","0.239138","0.415172","0.217754","0.405709","0.310781","0.403108","0.279469","0.401863","0.259625","0.401041","0.24228","","","","","","","","","","","","","","","","","","","","","","","","","","","","","","","","","","","","","","","","","","","-118.111794","-84.728821","306.275085","329.766174","58.019844","560.864624","static","left_only","21","0","0","0","keep","1.77E+12"
"tanghali","0.421644","0.42736","0.441347","0.397229","0.456517","0.361979","0.466221","0.332852","0.474266","0.314104","0.441019","0.312913","0.446338","0.274368","0.447394","0.253754","0.448231","0.233614","0.427994","0.310369","0.42963","0.268607","0.429187","0.244323","0.428532","0.221598","0.416074","0.315423","0.414311","0.277467","0.412535","0.255023","0.410672","0.235287","0.40466","0.326125","0.401424","0.295024","0.399001","0.276409","0.396705","0.260007","0.423486","0.410069","0.442552","0.389938","0.455635","0.361804","0.464678","0.335057","0.473605","0.317019","0.439692","0.323951","0.444216","0.283941","0.446307","0.259522","0.447508","0.238655","0.426878","0.320283","0.428599","0.276905","0.428992","0.24937","0.428614","0.226276","0.414857","0.323594","0.413057","0.283419","0.411677","0.257708","0.41021","0.236405","0.404144","0.331648","0.401425","0.299676","0.399721","0.280549","0.398219","0.26424","-99.128571","-82.951447","290.20993","316.361176","36.921852","573.647583","static","both","21","21","0","1","keep","1.77E+12"
"tanghali","0.421963","0.432848","0.440517","0.411466","0.452896","0.383314","0.461692","0.357101","0.470019","0.339557","0.436271","0.346189","0.439848","0.308082","0.441497","0.284473","0.44248","0.263699","0.4236","0.343231","0.424066","0.301969","0.42386","0.274889","0.423266","0.251653","0.411562","0.347373","0.408571","0.309809","0.407012","0.28505","0.405707","0.264279","0.400596","0.356194","0.397598","0.326282","0.396053","0.307578","0.394998","0.291066","","","","","","","","","","","","","","","","","","","","","","","","","","","","","","","","","","","","","","","","","","","-108.718491","-80.021683","284.531921","311.558167","49.099846","564.355591","static","left_only","21","0","0","0","keep","1.77E+12"
"tanghali","0.460181","0.518856","0.480154","0.487878","0.48518","0.450149","0.485559","0.426321","0.483888","0.407969","0.474583","0.399654","0.478378","0.356314","0.480439","0.330069","0.481749","0.30704","0.468923","0.39391","0.471537","0.34285","0.473683","0.311828","0.475841","0.285959","0.462201","0.393143","0.463481","0.342558","0.465138","0.312291","0.466426","0.287117","0.455407","0.397736","0.453459","0.356741","0.452346","0.330923","0.451547","0.308009","0.531452","0.877039","0.511222","0.838508","0.487643","0.829887","0.466318","0.829681","0.44734","0.823752","0.468568","0.887715","0.439133","0.901527","0.422719","0.9016","0.411722","0.899166","0.473165","0.9097","0.443647","0.921189","0.427159","0.918113","0.416127","0.912406","0.478188","0.921627","0.452406","0.929622","0.436782","0.927178","0.426021","0.921296","0.48347","0.923693","0.461175","0.930089","0.447215","0.928247","0.437762","0.923984","-144.560913","-87.908722","-423.47876","0","0","0","static","both","21","21","1","0","keep","1.77E+12"
"tanghali","0.46351","0.500628","0.480934","0.478225","0.484878","0.443796","0.484999","0.422678","0.483818","0.40992","0.471501","0.398999","0.476323","0.36132","0.480998","0.337071","0.484593","0.317274","0.466776","0.392912","0.470658","0.346994","0.47523","0.317491","0.479666","0.29403","0.461784","0.391478","0.464561","0.343989","0.468348","0.314413","0.471505","0.290633","0.45725","0.394446","0.456591","0.354941","0.456587","0.328903","0.456903","0.306685","0.535102","0.844501","0.515897","0.809713","0.492549","0.809196","0.470906","0.818207","0.450589","0.819698","0.470858","0.868784","0.433855","0.8822","0.41262","0.882367","0.397374","0.880011","0.472497","0.892796","0.434261","0.903409","0.412299","0.896513","0.396689","0.886749","0.47373","0.902066","0.439411","0.910871","0.419084","0.903789","0.40429","0.893304","0.474698","0.900929","0.446828","0.907905","0.429271","0.902856","0.416877","0.893092","-168.465195","-87.330772","-418.112549","0","0","0","static","both","21","21","0","0","keep","1.77E+12"
"tanghali","0.456996","0.485419","0.472182","0.462358","0.472957","0.432366","0.471871","0.415678","0.472648","0.403277","0.460005","0.391654","0.463496","0.355593","0.466916","0.334632","0.469379","0.316535","0.455649","0.384738","0.459271","0.341457","0.463247","0.313557","0.467557","0.290953","0.450891","0.381","0.45499","0.337012","0.459555","0.310323","0.463431","0.288227","0.446253","0.380721","0.446577","0.341906","0.448025","0.317982","0.450093","0.297812","0.556414","0.865173","0.530663","0.820173","0.501455","0.804497","0.473671","0.805084","0.451232","0.810778","0.494118","0.819075","0.458612","0.827202","0.436981","0.833108","0.422709","0.835996","0.494896","0.843306","0.458442","0.857267","0.435441","0.86236","0.421388","0.863146","0.495681","0.863414","0.462294","0.874488","0.440703","0.876289","0.427332","0.875854","0.498168","0.879969","0.470769","0.885012","0.4539","0.885754","0.442183","0.88554","172.106781","-81.58445","-414.080688","0","0","0","static","both","21","21","0","0","keep","1.77E+12"
"hapon","0.502711","0.743079","0.516533","0.754077","0.529359","0.761132","0.537951","0.766919","0.544947","0.772755","0.52272","0.741746","0.52818","0.751214","0.529935","0.765204","0.530128","0.779124","0.507898","0.737199","0.507415","0.744144","0.50654","0.763529","0.50576","0.783404","0.493725","0.736081","0.489652","0.74484","0.487072","0.765616","0.485522","0.785482","0.480956","0.737778","0.474569","0.746986","0.470222","0.761127","0.467454","0.775474","0.543632","0.719445","0.567926","0.728852","0.590382","0.742407","0.605008","0.755908","0.61448","0.769767","0.578122","0.732676","0.588416","0.74856","0.59379","0.761129","0.600461","0.774502","0.562658","0.733537","0.566543","0.750907","0.568425","0.767844","0.571441","0.785445","0.545624","0.735227","0.544237","0.751755","0.542502","0.768987","0.544145","0.786501","0.529052","0.739354","0.524845","0.75017","0.520838","0.760211","0.518724","0.773961","9.324815","-9.561752","79.829353","11.320999","38.537998","-138.835999","static","both","21","21","1","1","keep","1.77E+12"
"gabi","0.423344","0.690422","0.437221","0.712872","0.443588","0.740277","0.443828","0.765442","0.443656","0.78591","0.443369","0.74198","0.445189","0.781074","0.445824","0.811667","0.445519","0.838214","0.427821","0.738756","0.427697","0.786308","0.4278","0.822799","0.427025","0.855688","0.412015","0.733061","0.405857","0.77925","0.402984","0.813934","0.400454","0.842987","0.397762","0.726931","0.389088","0.755347","0.384074","0.776067","0.379317","0.796363","","","","","","","","","","","","","","","","","","","","","","","","","","","","","","","","","","","","","","","","","","","-1.867701","60.651695","-18.87854","0","0","0","static","left_only","21","0","0","0","keep","1.77E+12"
"gabi","0.41501","0.651939","0.430972","0.672184","0.439006","0.70132","0.44104","0.730808","0.442578","0.753647","0.430077","0.713928","0.429947","0.759932","0.428891","0.789146","0.427489","0.812576","0.415768","0.7123","0.414504","0.761755","0.414176","0.795218","0.413378","0.822375","0.402663","0.707068","0.396378","0.752232","0.393319","0.783705","0.390748","0.808634","0.391665","0.700317","0.38396","0.730735","0.379271","0.751973","0.374954","0.770747","","","","","","","","","","","","","","","","","","","","","","","","","","","","","","","","","","","","","","","","","","","3.304878","65.634071","1.469376","0","0","0","static","left_only","21","0","0","0","keep","1.77E+12"
"gabi","0.636755","0.619582","0.655118","0.639407","0.665062","0.668288","0.668137","0.690925","0.669286","0.710285","0.66892","0.695494","0.672818","0.743035","0.676254","0.773088","0.67933","0.796443","0.664332","0.701016","0.67051","0.752426","0.675233","0.785372","0.679791","0.81166","0.656511","0.702272","0.663864","0.750449","0.668792","0.779777","0.674455","0.802873","0.645935","0.700298","0.651255","0.729876","0.657383","0.748343","0.664101","0.764232","0.648087","0.659619","0.662384","0.685457","0.668989","0.714096","0.671535","0.738075","0.673576","0.75708","0.670143","0.724982","0.674202","0.761347","0.677585","0.784256","0.680377","0.803389","0.666251","0.724005","0.671069","0.763765","0.675304","0.791228","0.678764","0.813416","0.659673","0.719596","0.665044","0.756854","0.669032","0.781626","0.673379","0.802161","0.650843","0.713088","0.655029","0.735833","0.659804","0.750891","0.665168","0.764313","12.989031","65.718063","-192.079681","0","0","0","static","both","21","21","0","0","keep","1.77E+12"
"gabi","0.372826","0.628843","0.365554","0.649493","0.35574","0.679124","0.351196","0.706373","0.348056","0.727956","0.345782","0.691459","0.341353","0.727942","0.339528","0.750796","0.337582","0.769709","0.347373","0.693893","0.342048","0.73026","0.339095","0.753822","0.336303","0.774048","0.351487","0.694066","0.346222","0.725216","0.343295","0.747183","0.340035","0.76562","0.356968","0.694482","0.353099","0.717815","0.35104","0.732635","0.348162","0.745502","","","","","","","","","","","","","","","","","","","","","","","","","","","","","","","","","","","","","","","","","","","5.240818","66.733177","244.629105","0","0","0","static","left_only","21","0","0","0","keep","1.77E+12"
"gabi","0.38161","0.602294","0.374604","0.627474","0.365381","0.658954","0.361842","0.687426","0.3591","0.711248","0.354036","0.670596","0.349727","0.709842","0.347579","0.731757","0.345439","0.749044","0.356525","0.669666","0.35209","0.706276","0.350141","0.728005","0.348089","0.746743","0.361338","0.66826","0.357792","0.698139","0.356147","0.718505","0.353803","0.735269","0.366681","0.667451","0.364473","0.690778","0.363467","0.704138","0.361407","0.715281","","","","","","","","","","","","","","","","","","","","","","","","","","","","","","","","","","","","","","","","","","","15.024054","63.018082","240.894943","0","0","0","static","left_only","21","0","0","0","keep","1.77E+12"
"gabi","0.379329","0.610818","0.37461","0.634338","0.367041","0.667176","0.364834","0.698055","0.364026","0.723849","0.354204","0.684766","0.353308","0.725588","0.353806","0.748733","0.353493","0.767807","0.357023","0.685388","0.355917","0.723391","0.356534","0.746967","0.356636","0.766806","0.362131","0.683685","0.360477","0.716099","0.36063","0.738098","0.359623","0.756813","0.368167","0.682279","0.367531","0.707237","0.367804","0.721739","0.366665","0.733991","0.512875","0.591022","0.479023","0.577645","0.45004","0.581086","0.43245","0.585895","0.416865","0.588742","0.44088","0.628796","0.416334","0.630085","0.400038","0.614287","0.391418","0.596051","0.449214","0.624021","0.421748","0.623948","0.406167","0.607966","0.395884","0.590595","0.455633","0.613521","0.430902","0.611197","0.416176","0.599437","0.406316","0.585905","0.461106","0.599981","0.439847","0.59682","0.427931","0.590688","0.419082","0.582791","21.082359","66.180389","201.939743","0","0","0","static","both","21","21","0","1","keep","1.77E+12"
"gabi","0.37563","0.645532","0.381673","0.676262","0.379363","0.715569","0.381293","0.751431","0.38261","0.777967","0.354351","0.733498","0.354256","0.787129","0.354939","0.8167","0.354317","0.838428","0.350187","0.731504","0.348474","0.781909","0.349015","0.813394","0.350445","0.837446","0.35014","0.727664","0.348684","0.770111","0.348604","0.798722","0.348509","0.821444","0.353065","0.72613","0.348236","0.755639","0.345886","0.772658","0.343826","0.786072","","","","","","","","","","","","","","","","","","","","","","","","","","","","","","","","","","","","","","","","","","","13.555696","69.094383","104.161942","0","0","0","static","left_only","21","0","0","0","keep","1.77E+12"
"gabi","0.429178","0.639106","0.448802","0.675627","0.453163","0.726968","0.455125","0.775626","0.461163","0.809176","0.419297","0.757514","0.413372","0.824436","0.410471","0.861993","0.407532","0.891028","0.404638","0.753798","0.39923","0.825021","0.396958","0.867844","0.393621","0.901016","0.395306","0.745175","0.387388","0.809386","0.382737","0.847004","0.378542","0.875384","0.390476","0.73514","0.379204","0.777218","0.371529","0.801552","0.364295","0.820776","","","","","","","","","","","","","","","","","","","","","","","","","","","","","","","","","","","","","","","","","","","7.636162","65.533081","11.341751","0","0","0","static","left_only","21","0","0","0","keep","1.77E+12"
"gabi","0.586065","0.88599","0.595379","0.90111","0.597981","0.900461","0.596565","0.908047","0.593883","0.92254","0.5934","0.846448","0.592342","0.855537","0.59339","0.886009","0.5938","0.913977","0.584621","0.836624","0.58329","0.848879","0.584377","0.886357","0.586508","0.919445","0.577211","0.838305","0.574217","0.847891","0.573721","0.887438","0.574219","0.919274","0.571356","0.844826","0.569783","0.849906","0.569097","0.869189","0.56961","0.886262","","","","","","","","","","","","","","","","","","","","","","","","","","","","","","","","","","","","","","","","","","","7.95564","64.828468","-77.531052","0","0","0","static","left_only","21","0","1","0","keep","1.77E+12"
"gabi","","","","","","","","","","","","","","","","","","","","","","","","","","","","","","","","","","","","","","","","","","","0.696098","0.684654","0.724336","0.714802","0.737003","0.75626","0.741486","0.792172","0.742824","0.819871","0.736265","0.782016","0.749108","0.836733","0.755637","0.869215","0.760744","0.896859","0.722133","0.785278","0.734354","0.845719","0.742336","0.886234","0.748685","0.920338","0.705053","0.780248","0.711532","0.837786","0.716013","0.877698","0.720431","0.911918","0.68691","0.768939","0.69157","0.801277","0.697746","0.82405","0.704154","0.845771","6.722152","63.486732","-199.161072","0","0","0","static","right_only","0","21","0","0","keep","1.77E+12"
"gabi","0.733845","0.599634","0.73424","0.639705","0.741937","0.672188","0.746458","0.692641","0.750149","0.706299","0.765112","0.693479","0.77398","0.73314","0.780418","0.758685","0.785954","0.779629","0.767734","0.692747","0.781352","0.736551","0.79039","0.765984","0.798181","0.789448","0.768651","0.687766","0.782507","0.730521","0.791721","0.757191","0.799992","0.77848","0.767463","0.681319","0.780122","0.702873","0.790128","0.717073","0.7996","0.728951","0.73106","0.595806","0.731378","0.638337","0.739381","0.668753","0.742759","0.689159","0.747397","0.705457","0.769079","0.672399","0.778048","0.71447","0.786524","0.744694","0.793714","0.769929","0.770583","0.674509","0.78016","0.723078","0.786502","0.757026","0.791173","0.783364","0.768278","0.676623","0.780145","0.724167","0.788655","0.755714","0.795792","0.779175","0.763401","0.679901","0.775886","0.703383","0.786121","0.718298","0.795218","0.729446","13.445419","61.923553","-263.440247","0","0","0","static","both","21","21","0","0","keep","1.77E+12"
"gabi","0.712113","0.594386","0.705658","0.633753","0.709239","0.660659","0.710721","0.681636","0.710424","0.700818","0.728261","0.682135","0.731863","0.721259","0.733955","0.745252","0.736425","0.765566","0.732092","0.682616","0.736321","0.725664","0.738604","0.75188","0.740575","0.773554","0.735622","0.677314","0.740836","0.718666","0.743979","0.745229","0.746995","0.767232","0.73874","0.666839","0.746377","0.698056","0.75112","0.718732","0.755442","0.736617","","","","","","","","","","","","","","","","","","","","","","","","","","","","","","","","","","","","","","","","","","","13.992289","66.604439","-251.54422","0","0","0","static","left_only","21","0","0","0","keep","1.77E+12"
"sandali","0.401758","0.511143","0.428868","0.50461","0.453522","0.489119","0.472842","0.483324","0.48865","0.488274","0.444547","0.411886","0.456318","0.370268","0.463088","0.344952","0.468836","0.322386","0.433632","0.40086","0.447177","0.354668","0.456064","0.326184","0.463463","0.302928","0.420987","0.396638","0.43252","0.350756","0.440801","0.323829","0.447873","0.301874","0.406974","0.39837","0.415222","0.361182","0.421277","0.338269","0.427177","0.318774","","","","","","","","","","","","","","","","","","","","","","","","","","","","","","","","","","","","","","","","","","","80.009644","-70.756683","-155.839859","0","0","0","static","left_only","21","0","0","0","keep","1.77E+12"
"sandali","0.394701","0.540276","0.42248","0.535499","0.448856","0.519243","0.468971","0.512979","0.483688","0.522907","0.44272","0.427332","0.453746","0.380424","0.457598","0.350793","0.459846","0.32447","0.430439","0.416768","0.442509","0.365344","0.447435","0.331724","0.450115","0.303772","0.416513","0.414428","0.426858","0.364449","0.431895","0.335226","0.434978","0.310698","0.400418","0.41986","0.406524","0.380244","0.410332","0.35573","0.413548","0.334421","","","","","","","","","","","","","","","","","","","","","","","","","","","","","","","","","","","","","","","","","","","30.195717","-45.515057","-54.633682","0","0","0","static","left_only","21","0","0","0","keep","1.77E+12"
"sandali","0.443108","0.524382","0.470219","0.525411","0.497211","0.518417","0.518482","0.522912","0.534307","0.531386","0.49779","0.422899","0.510144","0.379284","0.515293","0.352434","0.519272","0.329345","0.489694","0.412247","0.50233","0.363099","0.507475","0.330877","0.510808","0.304232","0.479328","0.408751","0.48978","0.360978","0.494409","0.332317","0.497073","0.308471","0.466701","0.412923","0.472253","0.375709","0.475456","0.351676","0.477323","0.330643","0.65057","0.95347","0.65341","0.966693","0.66242","0.970495","0.673968","0.977189","0.687443","0.989297","0.691029","0.94915","0.709846","0.962456","0.723659","0.975865","0.734785","0.988029","0.695788","0.946765","0.716849","0.95742","0.732363","0.971366","0.744889","0.984926","0.697047","0.950042","0.716771","0.958942","0.730704","0.970668","0.741403","0.98285","0.696127","0.955686","0.710862","0.962721","0.722203","0.970411","0.730873","0.978804","14.763462","-44.723095","-120.702179","0","0","0","static","both","21","21","0","1","keep","1.77E+12"
"mahal kita","0.45918","0.495107","0.483275","0.481127","0.506098","0.449938","0.5236","0.428769","0.539125","0.423231","0.488496","0.392793","0.496031","0.346894","0.499931","0.318159","0.503662","0.293171","0.472849","0.39017","0.474166","0.368408","0.472777","0.405838","0.472714","0.435413","0.457541","0.392625","0.456506","0.373705","0.458724","0.408236","0.461641","0.433847","0.442895","0.398136","0.439716","0.362736","0.437443","0.3404","0.436181","0.316202","","","","","","","","","","","","","","","","","","","","","","","","","","","","","","","","","","","","","","","","","","","-123.578819","-82.906723","118.150848","-810.913147","339.37973","-695.154663","static","left_only","21","0","0","0","keep","1.77E+12"
"mahal kita","0.485089","0.435843","0.50156","0.427801","0.517204","0.408861","0.530235","0.397445","0.541016","0.396944","0.507293","0.367165","0.51377","0.337225","0.51688","0.319199","0.519711","0.303025","0.497546","0.364748","0.500974","0.346888","0.50006","0.36979","0.498625","0.388748","0.487542","0.365506","0.488357","0.347824","0.489656","0.370428","0.490556","0.387898","0.477508","0.368232","0.475361","0.342879","0.475179","0.327299","0.47544","0.31029","","","","","","","","","","","","","","","","","","","","","","","","","","","","","","","","","","","","","","","","","","","169.314774","-80.922653","109.36084","-825.572144","365.563721","-806.120667","static","left_only","21","0","0","0","keep","1.77E+12"
"mahal kita","0.49878","0.417978","0.512743","0.408839","0.525731","0.390996","0.536708","0.380843","0.546115","0.381194","0.516554","0.354077","0.522846","0.327626","0.526327","0.311868","0.529299","0.297909","0.507717","0.353234","0.511153","0.337582","0.511734","0.357439","0.511168","0.373791","0.498714","0.355441","0.49918","0.339745","0.50209","0.359023","0.503899","0.374108","0.489901","0.359859","0.484878","0.338548","0.482753","0.325992","0.481095","0.311747","","","","","","","","","","","","","","","","","","","","","","","","","","","","","","","","","","","","","","","","","","","-37.770779","-77.340019","112.979721","-858.01416","380.398712","-775.163696","static","left_only","21","0","0","0","keep","1.77E+12"
"mahal kita","0.413229","0.449976","0.440788","0.435739","0.467693","0.407346","0.489144","0.387933","0.506834","0.38768","0.451642","0.337451","0.463433","0.287566","0.468695","0.257287","0.473706","0.22954","0.434198","0.330678","0.438835","0.301305","0.435884","0.34156","0.433431","0.374291","0.416884","0.329275","0.41746","0.296237","0.418933","0.332247","0.420794","0.362078","0.400583","0.332169","0.397042","0.291702","0.395916","0.266724","0.395918","0.239873","","","","","","","","","","","","","","","","","","","","","","","","","","","","","","","","","","","","","","","","","","","69.517464","-78.052986","103.426315","-906.721191","395.682709","-796.954651","static","left_only","21","0","0","0","keep","1.77E+12"
"ako","0.388463","0.46869","0.410777","0.442253","0.437818","0.435642","0.460859","0.450533","0.47357","0.466662","0.441217","0.389683","0.474791","0.408366","0.49287","0.421421","0.506478","0.429544","0.436823","0.400543","0.471452","0.436344","0.467738","0.455326","0.46022","0.457868","0.431585","0.421185","0.463472","0.453146","0.460237","0.469202","0.453668","0.471097","0.426474","0.445632","0.452283","0.467222","0.454733","0.481476","0.452905","0.487436","","","","","","","","","","","","","","","","","","","","","","","","","","","","","","","","","","","","","","","","","","","-29.486628","-23.074421","33.463783","-33.373451","216.169037","-134.998199","static","left_only","21","0","0","0","keep","1.77326E+12"
"ako","0.396424","0.456792","0.416603","0.431648","0.442115","0.427078","0.464571","0.443343","0.479193","0.460101","0.449882","0.38851","0.480868","0.411478","0.49931","0.422558","0.513476","0.427396","0.448207","0.401289","0.478722","0.433323","0.474706","0.453131","0.466369","0.456494","0.444304","0.422609","0.472167","0.448709","0.468568","0.465153","0.460857","0.467837","0.439183","0.446496","0.462017","0.462241","0.465049","0.477225","0.463481","0.484177","","","","","","","","","","","","","","","","","","","","","","","","","","","","","","","","","","","","","","","","","","","-29.352814","-24.72098","30.923431","-45.773449","253.711029","-163.518204","static","left_only","21","0","0","0","keep","1.77326E+12"
"ako","0.370936","0.433313","0.399724","0.433796","0.423746","0.433244","0.44076","0.44707","0.451701","0.466245","0.433688","0.371597","0.461165","0.410396","0.461308","0.424038","0.461207","0.425503","0.428526","0.376083","0.457061","0.424567","0.445563","0.435256","0.43662","0.429431","0.421752","0.391108","0.44777","0.435901","0.436628","0.445218","0.427868","0.43875","0.414318","0.411437","0.435534","0.443264","0.428133","0.449919","0.420147","0.445142","","","","","","","","","","","","","","","","","","","","","","","","","","","","","","","","","","","","","","","","","","","-19.175655","-22.409544","33.025696","-64.403442","309.13504","-205.705215","static","left_only","21","0","0","0","keep","1.77326E+12"
"ako","0.392448","0.438106","0.416513","0.435745","0.437877","0.434205","0.45298","0.445485","0.461542","0.460907","0.447239","0.375415","0.472205","0.403224","0.487145","0.417555","0.499147","0.426727","0.440686","0.380152","0.464999","0.422883","0.456766","0.434837","0.448422","0.428611","0.432984","0.394531","0.454715","0.43467","0.447242","0.445148","0.440399","0.439106","0.42603","0.413228","0.442899","0.442397","0.439203","0.451473","0.433938","0.447619","","","","","","","","","","","","","","","","","","","","","","","","","","","","","","","","","","","","","","","","","","","-20.262461","-26.532404","37.170067","-76.005447","343.808044","-232.139206","static","left_only","21","0","0","0","keep","1.77326E+12"
"ako","0.395136","0.428669","0.41862","0.42794","0.44042","0.427597","0.455947","0.439184","0.463592","0.454396","0.451169","0.369042","0.475327","0.397806","0.490213","0.412819","0.501925","0.422267","0.445133","0.37185","0.470283","0.413271","0.462187","0.428489","0.453408","0.424369","0.437558","0.385484","0.459566","0.424782","0.452534","0.437603","0.445133","0.432358","0.430471","0.403636","0.447859","0.433143","0.444132","0.443102","0.438303","0.439278","","","","","","","","","","","","","","","","","","","","","","","","","","","","","","","","","","","","","","","","","","","-18.338284","-25.800121","35.726532","-85.442444","371.860046","-254.031204","static","left_only","21","0","0","0","keep","1.77326E+12"
"ako","0.436493","0.421262","0.458592","0.434144","0.476453","0.436612","0.489229","0.445161","0.497773","0.453955","0.483978","0.37527","0.503477","0.403349","0.515826","0.419125","0.525024","0.428728","0.481558","0.373677","0.504801","0.410758","0.497162","0.426825","0.487688","0.42476","0.479125","0.383521","0.500529","0.415776","0.493613","0.431063","0.485072","0.427556","0.476868","0.398422","0.492985","0.425086","0.488047","0.434617","0.480429","0.430263","","","","","","","","","","","","","","","","","","","","","","","","","","","","","","","","","","","","","","","","","","","-8.613827","-26.470226","22.120674","-82.972443","397.246063","-327.829193","static","left_only","21","0","0","0","keep","1.77326E+12"
"ako","0.420922","0.4198","0.44476","0.421083","0.466554","0.419399","0.481695","0.428426","0.488093","0.44046","0.476091","0.359352","0.500083","0.387591","0.514969","0.39995","0.52724","0.408003","0.4696","0.361941","0.49401","0.403712","0.485029","0.417377","0.476387","0.413563","0.462086","0.374869","0.484102","0.415061","0.475959","0.426396","0.468475","0.421603","0.455116","0.392536","0.472252","0.422722","0.467645","0.431599","0.46158","0.42742","","","","","","","","","","","","","","","","","","","","","","","","","","","","","","","","","","","","","","","","","","","-18.897326","-25.310936","41.227791","-110.002457","472.068054","-281.016205","static","left_only","21","0","0","0","keep","1.77326E+12"
"ako","0.429524","0.438265","0.455189","0.439752","0.475084","0.434416","0.489125","0.43955","0.496539","0.450998","0.483913","0.373719","0.506516","0.407787","0.519816","0.426317","0.530076","0.439829","0.477536","0.374559","0.500656","0.416316","0.4915","0.430101","0.482216","0.426714","0.470208","0.385855","0.491043","0.425876","0.481872","0.438062","0.473687","0.433543","0.463294","0.402281","0.480028","0.432711","0.474757","0.44185","0.468422","0.437405","","","","","","","","","","","","","","","","","","","","","","","","","","","","","","","","","","","","","","","","","","","-13.70002","-30.276501","38.296295","-120.45845","505.498047","-298.379181","static","left_only","21","0","0","0","keep","1.77326E+12"
"ako","0.42467","0.436785","0.450817","0.43028","0.47217","0.420954","0.487696","0.42274","0.498888","0.430184","0.476364","0.35982","0.500894","0.387238","0.514469","0.403745","0.524545","0.414516","0.472687","0.361503","0.498459","0.396395","0.490339","0.412184","0.480594","0.4103","0.469137","0.374134","0.49261","0.406947","0.483745","0.420823","0.474664","0.417342","0.46625","0.39094","0.48423","0.41652","0.478048","0.426697","0.470587","0.423334","","","","","","","","","","","","","","","","","","","","","","","","","","","","","","","","","","","","","","","","","","","-21.753109","-33.819309","32.064682","-131.240448","537.370056","-319.769196","static","left_only","21","0","0","0","keep","1.77326E+12"
"ako","0.559931","0.485271","0.531853","0.470056","0.508152","0.457888","0.492593","0.460832","0.48635","0.469476","0.518454","0.40247","0.487286","0.415635","0.471618","0.421288","0.461016","0.420542","0.528118","0.412006","0.498016","0.438","0.497819","0.45536","0.503083","0.460446","0.534934","0.43078","0.508382","0.456212","0.508099","0.470632","0.513444","0.472775","0.539538","0.451569","0.51785","0.465707","0.516665","0.476423","0.520729","0.479717","","","","","","","","","","","","","","","","","","","","","","","","","","","","","","","","","","","","","","","","","","","-30.303061","-34.217342","-27.267176","-202.794449","623.239075","-510.203217","static","left_only","21","0","0","0","keep","1.77326E+12"
"ako","0.550637","0.55759","0.521549","0.526994","0.500331","0.501452","0.484636","0.491716","0.472735","0.487185","0.511576","0.450442","0.482431","0.456219","0.465657","0.46515","0.454217","0.472636","0.520673","0.458369","0.487461","0.476829","0.473445","0.491287","0.465872","0.504713","0.526201","0.475494","0.494916","0.495676","0.480403","0.508272","0.473677","0.517267","0.530496","0.500544","0.503801","0.511366","0.489084","0.518163","0.479803","0.523933","0.532106","0.511527","0.508606","0.506348","0.489403","0.496137","0.477946","0.497389","0.472138","0.501906","0.498235","0.446753","0.476436","0.462671","0.464039","0.472727","0.45604","0.479401","0.507919","0.451144","0.487024","0.47912","0.483584","0.500561","0.484719","0.513755","0.515432","0.463758","0.495842","0.495176","0.494591","0.51229","0.498114","0.518241","0.521174","0.478996","0.504639","0.502767","0.502323","0.515289","0.504508","0.519414","-38.426823","-31.887747","-23.414902","-215.685455","659.790039","-539.652222","static","both","21","21","0","0","keep","1.77326E+12"
"ako","0.552595","0.535848","0.522115","0.509754","0.498383","0.490382","0.481572","0.48823","0.46953","0.490734","0.510217","0.442731","0.477878","0.452837","0.459894","0.456289","0.446766","0.455162","0.522013","0.452759","0.489744","0.476636","0.481904","0.494417","0.48034","0.505738","0.530368","0.471677","0.500113","0.495005","0.490353","0.510408","0.488083","0.518673","0.536351","0.49465","0.511818","0.507419","0.500447","0.517922","0.494922","0.525216","0.549959","0.522191","0.521155","0.505901","0.498891","0.490404","0.483596","0.489615","0.473924","0.493239","0.507874","0.438004","0.477508","0.454597","0.461596","0.46377","0.45017","0.466398","0.519954","0.449889","0.489395","0.483919","0.485319","0.501563","0.486217","0.509693","0.528745","0.471692","0.499778","0.499996","0.496675","0.510794","0.499499","0.511255","0.534556","0.495275","0.510584","0.512047","0.505881","0.518537","0.506628","0.518533","-34.047295","-31.404129","6.437393","-227.087448","691.932068","-564.360229","static","both","21","21","0","0","keep","1.77326E+12"
"ako","0.69386","0.442125","0.667485","0.428189","0.642042","0.419163","0.622528","0.424716","0.607787","0.433736","0.644155","0.357334","0.613269","0.370189","0.596514","0.377045","0.582723","0.378667","0.649511","0.362976","0.619069","0.381693","0.621473","0.401971","0.62664","0.40989","0.653236","0.379786","0.624597","0.395688","0.626224","0.412813","0.631804","0.417798","0.654872","0.400659","0.630772","0.412763","0.625015","0.423857","0.62421","0.427257","","","","","","","","","","","","","","","","","","","","","","","","","","","","","","","","","","","","","","","","","","","-35.355133","-43.626747","66.930908","-231.50946","902.213074","-1034.13623","static","left_only","21","0","0","0","keep","1.77326E+12"
"ako","0.234887","0.470758","0.251627","0.408511","0.283047","0.375534","0.31066","0.377902","0.329184","0.398591","0.29843","0.348726","0.336963","0.345731","0.360659","0.344586","0.37843","0.342591","0.306261","0.367694","0.343195","0.374632","0.345762","0.400599","0.340361","0.415536","0.311637","0.396805","0.347495","0.403592","0.347908","0.424767","0.339291","0.436387","0.313513","0.429187","0.341521","0.432389","0.34269","0.445088","0.335007","0.453533","0.817594","0.844163","0.821646","0.87765","0.841422","0.90581","0.860745","0.931161","0.874269","0.956795","0.868603","0.894504","0.891793","0.931541","0.904358","0.960203","0.913622","0.983425","0.871975","0.888157","0.894531","0.924922","0.906284","0.954513","0.914736","0.98136","0.871734","0.886798","0.891526","0.921144","0.901866","0.949131","0.908744","0.974233","0.869397","0.888775","0.885952","0.917961","0.895115","0.941518","0.901589","0.962752","-40.589478","-24.080366","208.962509","-320.284454","1094.475098","-988.208252","static","both","21","21","0","1","keep","1.77326E+12"
